0x63a72806098bd3d9520cc43356dd78afe5d386d9,18
0xb669c71431bc4372140bc35aa1962c4b980ba507,18
0x5bb7c73e0939cd985e2184ee751f9193e599052b,18
0xd2300efd166709a253ec2463f87b13c57ff78905,9
0xf54501fbc97d5cb9c8b96480996a397e07516b2e,18
0x938FE3788222A74924E062120E7BFac829c719Fb,18
0x6dea2dc5f07fa8fbdede5bd1f97e87eba865f4fb,9
0xd039c9079ca7f2a87d632a9c0d7cea0137bacfb5,9
0x8a1184E8593Ca0554CF32Dca568567777f43A521,18
0x3d6386fde111ec2919cc8871377821b12c7eae7c,18
0x6a7bde8c3e55e802bf7cafd55dd1e3b01e7ce940,9
0xa9d633a1ac5aa995c5e4f7d915ade1be565a97e8,18
0x783c08b5f26e3daf8c4681f3bf49844e425b6393,18
0x085a3fe57d71057a8dd1b673e4a794cffc724c2c,9
0xf45e72bfa7b6a4f7be279d49585185b41648d07c,9
0x47d2ec34dc604f6edf2ae905ef886e565720f0c4,9
0x346a59146b9b4a77100d369a3d18e8007a9f46a6,18
0xd962e6E7d945fBfecf35184dA5774f653f5cD5FB,9
0xf97d917a0ef1bb6919c36489eb0fd00db41ffba8,6
0xcf7101f34dba0f3d5ffafd3d3aa2b3fc20c08775,18
0x3f3fea5dd9b1940c2ee4822d7b7a06f19d58656e,9
0x2eb1f20035da84d6ec298b55570d0dc3f448b843,9
0x9f05bf860f7015507513dafca8f5ea61ee9f6c4e,9
0x57dc3dfb48252daa731e70f9166252f8cc1b116f,18
0x85c7caa104f14c513e5037031e730ee5ff2c17a6,18
0xd2df9abfc50c331529887165aa64382982a5cffd,9
0x78ea17559b3d2cf85a7f9c2c704eda119db5e6de,18
0x1ecd47ff4d9598f89721a2866bfeb99505a413ed,18
0xa16693fda89e0c4dd9f2324ebd47118b57e6ba34,9
0x3a47868bee0b553183222eea56e82f83addcd133,6
0x397bbd6a0e41bdf4c3f971731e180db8ad06ebc1,6
0x5ede350e84223fb50775fd91a723f2ca71034cf7,9
0x1aff23615200d09965c3c810f213e9e193d75ffc,18
0xcf8419a615c57511807236751c0af38db4ba3351,18
0xa573f0a195d589f3551b968dfc9840fd6c919fb5,9
0xee0f5c0c2c8cFB1473d441868C174de3F3736F70,18
0x62a4f3280C02C8Cc3E9ff984e4aaD94f8F7fEA26,9
0xe703214808C3603a9dA2609d52bDcF920E0a0edf,18
0xa1144a6a1304bd9cbb16c800f7a867508726566e,18
0xef4988cbe89316fa12650dcc036be2b242895306,18
0xdb1d67c070d4d4ae74e70a4eb790e3b643e9a30c,18
0x88e3850000ef6e56dfc7475b1a4b2214063eedb8,18
0x2d5433e9d475c78542dbd0d16d7016b9aab99c1c,9
0x4480b4ddfb15fe6518817ef024d8b493aff2db54,18
0xf481eec738c46f675e077ee966a680a19210af11,9
0xb147656604217a03fe2c73c4838770df8d9d21b8,18
0xc12e249fabe1c5eb7c558e5f50d187687a244e31,18
0x0f34919404a290e71fc6a510cb4a6acb8d764b24,18
0x264c1383ea520f73dd837f915ef3a732e204a493,18
0xc90754e1170ac0ea46be42d64205c70459e87c2f,9
0xb00f1ad977a949a3ccc389ca1d1282a2946963b0,18
0x5623b2b047fe69cdfef8764cfeeb72ea7825fbd8,18
0xa1437720c93b791b72f5b8a5846227763792afd7,18
0xf2cfc11093edb5a2dc7f49e70a3a3a9cd4f4fee4,18
0x721c554a37d23b60411a96f7400e0f03f572d72e,9
0x4bffb0dc7656dfc98dbc896584aa231c4897d7ee,9
0xc1333a2e6f4a50ec20107c19fa73af9e8cc0419b,6
0x9e8cD582aB199BbE91bBe46Eddf5a7341EbddCa0,18
0xdb333724fAE72b4253FC3d44c8270CBBC86d147b,18
0x4eb49a2f9a79053866fae806fac95a3ef5b92c05,9
0x094bfac9894d2a2a35771d0bd6d2447689190f32,18
0x42f33f70be8a9c062b68ee64e7ff34dd2ed2f5d8,9
0x4939B3313E73ae8546b90e53E998E82274afDbDB,9
0x727C43b707C6Fe3ACD92f17EFAC8e05476DFa81c,18
0xc16a1b60175d16be6f2ed0ba506ca0e6efba8e08,18
0x4735721ed62713e3a141c939f4aa55ca8ad5f66a,18
0x17e785df9d124de6b629565935fa7c1234815951,18
0xa5b0f5ef809fd04c9d4320211c711cb34ef812dd,9
0xec3492a2508ddf4fdc0cd76f31f340b30d1793e6,18
0x8d88e48465f30acfb8dac0b3e35c9d6d7d36abaf,18
0x3711c397b6c8f7173391361e27e67d72f252caad,18
0x2923e182a6e68c0fe4006736a33b32f805703683,18
0xa32608e873f9ddef944b24798db69d80bbb4d1ed,18
0x8ae8be25c23833e0a01aa200403e826f611f9cd2,18
0xed46443c18e38064523180fc364c6180b35803d3,9
0x81440c939f2c1e34fc7048e518a637205a632a74,18
0x411491859864797792308723fc417f11bba18d1b,18
0xbA7dEebBFC5fA1100Fb055a87773e1E99Cd3507a,18
0xd586E7F844cEa2F87f50152665BCbc2C279D8d70,18
0x100cc3a819dd3e8573fd2e46d1e66ee866068f30,18
0x4abbc3275f8419685657c2dd69b8ca2e26f23f8e,9
0x0c71756399118d0e6e58ba3f474c70e3434a4d25,18
0x88c090496125b751b4e3ce4d3fdb8e47dd079c57,18
0xdd57fa6a38326b5c040a6bfce7a0a7c65588175a,18
0x314f3bee25e49ea4bcea9a3d1321c74c95f10eab,18
0xed4102f3a1a24bd4ef1f29b90cd8bf00a540c0c2,18
0x961c8c0b1aad0c0b10a51fef6a867e3091bcef17,18
0xa0818b489f85579d9c29d75b95b239418c9d8687,18
0x7761e2338b35bceb6bda6ce477ef012bde7ae611,18
0x06534dbd3e383b553d15d260387af5ffa6568783,18
0xfd62e169d405b7125393b0c9aa5cbedf26d743bf,5
0xacd7b3d9c10e97d0efa418903c0c7669e702e4c0,18
0xe1c110e1b1b4a1ded0caf3e42bfbdbb7b5d7ce1c,18
0xD81D45E7635400dDD9c028839e9a9eF479006B28,18
0xF124deC273E9541A93F5981294E8f74Aeb280Ec8,18
0x0755fa2f4aa6311e1d7c19990416c86f17d16f86,6
0xc32c3f3425468f8ee70ed9300011fb62be0306fd,6
0x3aca5545e76746a3fe13ea66b24bc0ebcc51e6b4,18
0x1390372f70b651820042Db75E56260c080893eeA,9
0xc4cc9d396a190d82eafc2302350011cf30a225f6,9
0x9559873d5b9e0176e923399cbd2863aea1fb19b9,18
0x39a54a4a087854d847aaB84a8117EDcCdA85a8c6,9
0xf6d46849db378ae01d93732585bec2c4480d1fd5,9
0x595c8481c48894771ce8fade54ac6bf59093f9e8,18
0x90842eb834cfd2a1db0b1512b254a18e4d396215,9
0xd606199557c8ab6f4cc70bd03facc96ca576f142,18
0x09ad4a1746ab9ecc96bb67d919de3c6b54cc879f,18
0x089f66b385ae25ace668aa524679ef29e4217514,18
0xf2f7ce610a091b94d41d69f4ff1129434a82e2f0,9
0x368098e9deb1961426e8c8554e0d910e189862db,9
0xbbb55e724f6d022b0aec5975e371f39985bb492b,18
0xb092214663b7cb2e0497825aa4cecd5dbd3a178b,9
0x19cfd1a6b1cd236b542b561ed26b32d697e5a77f,9
0x418b0867ab4eafc6395366ade8aad0218e6d528d,18
0x72699ba15CC734F8db874fa9652c8DE12093F187,18
0x761a6dd57267b2a6d25ecaad43bdd0c04730028b,18
0x0E7046DC936432C91969a2c29D8421Ec4c6865A1,18
0x01c5e2a4af2bd9f62c7d55c6105b8a64e6905be5,9
0x45c13620b55c35a5f539d26e88247011eb10fdbd,18
0xce0052745a182fff07acb9dd834041e5f29319b2,18
0x0342993a0a3bcff7668578082c3ad17b5277d97d,18
0x0592af5414f2f8d90a5ae3c25e937804d3965c87,18
0x2f86508f41310D8D974B76deb3D246c0caa71cf5,18
0x65378b697853568da9ff8eab60c13e1ee9f4a654,18
0x61db988de7d2084be02804c78218e89645a5dfe0,18
0x9235b893a3e61a14b2d02a91ec1394fbf411689e,9
0x951C8a8DEe33bd5039A71E7BD4244D5659CF1517,18
0x31d27a3e10839e61cfac5125e5c7b2d42503159f,18
0x6e84a6216ea6dacc71ee8e6b0a5b7322eebc0fdd,18
0x894aa2d0d3e63471c5ffbd22a8a95c8476826cf9,18
0x45CdaF3Fd17BD31d9830Fa977159162DD2431683,18
0x788ae3b5d153d49f8db649aacba1857f744b739e,18
0xb27c8941a7df8958a1778c0259f76d1f8b711c35,18
0x2115f83922ad1d732bbd3b3a255f861d6b95079f,18
0x5c1bee0d123fea1239339d0c8f990d53021a3abd,18
0x5684a087c739a2e845f4aaaabf4fbd261edc2be8,9
0x5947bb275c521040051d82396192181b413227a3,18
0x2c9ca6f25ea0da55b0dda5497894d5f31db29ece,6
0xf9cA697C3F86b7962F0c1DD3cD7935e11Ac04ea9,18
0xff579d6259dedcc80488c9b89d2820bcb5609160,18
0x4c9b4e1ac6f24cde3660d5e4ef1ebf77c710c084,18
0xb3f52c360201201d366efd2cda4db78e00cb9d5d,18
0xEF6BBF76E3b89794d84dB65ac82022D0B97a0efd,18
0x885d748c00a279b67a7749ec6b03301700dd0455,18
0x7c08413cbf02202a1c13643db173f2694e0f73f0,9
0x245c2591403e182e41d7a851eab53b01854844ce,8
0x479710b1cfD30C4D93B4e1a47d821C5E06B3d3FE,18
0x47eb6f7525c1aa999fbc9ee92715f5231eb1241d,18
0x136acd46c134e8269052c62a67042d6bdedde3c9,9
0xF54Cd11595aeC3B99d274318446060E24b0d2D33,18
0x47dfb70bf0b26ed05b3f1afee3f27554e7a2c5b1,9
0x9Fda7cEeC4c18008096C2fE2B85F05dc300F94d0,18
0x787b1cc6ef1b2627a5281e6cbe673b6d55fcb1b9,18
0x3B55E45fD6bd7d4724F5c47E0d1bCaEdd059263e,18
0x130966628846BFd36ff31a822705796e8cb8C18D,18
0x4cb6f57297bb3eb8094f9a2b5d3eeda9da887fab,9
0x7bf4ca9aec25adaaf7278eedbe959d81893e314f,18
0xb5623f774e568fed0259cf1c28a705405dd5967f,6
0xddaaad7366b455aff8e7c82940c43ceb5829b604,12
0xb80323c7aa915cb960b19b5cca1d88a2132f7bd1,9
0xd9702f5e3b0eb7452967cb82529776d672bdc03f,8
0xf69c2fcd9128d49dfa22348c69177f9380438eb8,6
0x8e0fe2947752be0d5acf73aae77362daf79cb379,18
0xb8d3ca2bf76ab9d075dd27033e1da5da995cd39d,9
0x5371179d5c463d08a437f9d0cc475ec4f59d2887,18
0xaf18997608fb6aeb0fcacf78aa5135bb878820f7,6
0xf27c1ad64ff5af415df21c0d67a6adef7260dd5e,9
0x937e077abaea52d3abf879c9b9d3f2ebd15baa21,18
0x617724974218a18769020a70162165a539c07e8a,18
0xf6931e67ef0cb20423351a53069719df2ad76e78,18
0x0ebd9537a25f56713e34c45b38f421a1e7191469,18
0x76076880e1ebbce597e6e15c47386cd34de4930f,18
0x8b1d98a91f853218ddbb066f20b8c63e782e2430,18
0x70b33ebc5544c12691d055b49762d0f8365d99fe,9
0xf10b5a72f0abeb27a5ddba950082e4edff4c825d,9
0x69a61f38df59cbb51962e69c54d39184e21c27ec,18
0x25afd99fcb474d7c336a2971f26966da652a92bc,18
0x0e75cdb914ddcca683357dd94d26caa39bc14b16,9
0xe896cdeaac9615145c0ca09c8cd5c25bced6384c,18
0x042d4af7d4e95a09fef1a284f1452d30776021cc,8
0x1843bf2ccbc3d9e788dcac7612767f8e86795852,6
0x7b2b702706d9b361dfe3f00bd138c0cfda7fb2cf,18
0xecfe536a209e405db19887830b366e397f5b917a,18
0x60781c2586d68229fde47564546784ab3faca982,18
0x22d4002028f537599be9f666d1c4fa138522f9c8,18
0x553373BaE3df6dFB1da1e34aafdad2e5F9a104B0,9
0x8729438eb15e2c8b576fcc6aecda6a148776c0f5,18
0x7086e045b78e1e72f741f25231c08d238812cf8a,18
0x97Cd1CFE2ed5712660bb6c14053C0EcB031Bff7d,18
0x78c42324016cd91D1827924711563fb66E33A83A,18
0x46fccf447f74ec97a521615fce111118597071f7,9
0xb2a85c5ecea99187a977ac34303b80acbddfa208,18
0xb8ef3a190b68175000b74b4160d325fd5024760e,9
0x61ecd63e42c27415696e10864d70ecea4aa11289,18
0x4501e37a79cf953116331a105b3644d07b74c0f8,9
0x7d1232b90d3f809a54eeaeebc639c62df8a8942f,9
0x19613fec180746831bdf819e0790f35741040dfd,9
0xde9e52f1838951e4d2bb6c59723b003c353979b6,9
0x37427c72f3534d854ee462d18f42ad5fbe74aa2b,18
0x37d87e316cb4e35163881fdb6c6bc0cdba91dc0a,18
0x1f1fe1ef06ab30a791d6357fdf0a7361b39b1537,9
0xa5e59761ebd4436fa4d20e1a27cba29fb2471fc6,18
0x54f8e2f7cd0ca1cc1aeb2911ebcfe8c09d2f54ec,9
0x440abbf18c54b2782a4917b80a1746d3a2c2cce1,18
0x72fcaacb1cbe055def94fb5d8ba838a05511847d,9
0xf9a075c9647e91410bf6c402bdf166e1540f67f0,18
0x2841a8a2ce98a9d21ad8c3b7fc481527569bd7bb,9
0xad7476c49d3f82a144f4836aacb9b069c188b759,18
0x28bf9cb0a8c0a6fb01680daaae9d6ae76234491b,18
0xd197c8b939f199c7d70d030c1931d3c24442df60,9
0xcc2f1d827b18321254223df4e84de399d9ff116c,18
0x6d923f688c7ff287dc3a5943caeefc994f97b290,18
0xe761afc921ec7ff11df025f8967d08e3daa805a8,9
0xc38f41a296a4493ff429f1238e030924a1542e50,18
0xcf98695af7eacd36e036dedb6e192c1c9c7e66d6,9
0x6a6fae2d14a872d2b040f880d0ecdae11c6c3033,9
0xe677bdc4f5ac7ef7701f4199f25abad34d41fd7f,18
0x8ca1a53f2a5379034002580dfbb1d5fbe223bbb8,18
0x4aca0ad6357b918e3d06bb1a0bcc403619177523,18
0x86a546f65ef8375f1fd31d385a08f6f1ec4001e2,9
0x353af195c0d82820c59427bfbd318a49971aae1a,9
0x6e7f5c0b9f4432716bdd0a77a3601291b9d9e985,9
0x6afd5a1ea4b793cc1526d6dc7e99a608b356ef7b,18
0xaafd2577fb67366d3c89db0d627c49d769ee2e5d,18
0x39cf1bd5f15fb22ec3d9ff86b0727afc203427cc,18
0x37b608519f91f70f2eeb0e5ed9af4061722e4f76,18
0x0aa4ef05b43700bf4b6e6dc83ea4e9c2cf6af0fa,18
0x1f1E7c893855525b303f99bDF5c3c05Be09ca251,18
0x094bd7b2d99711a1486fb94d4395801c6d0fddcc,18
0x88a425b738682f58c0ff9fcf2cceb47a361ef4cf,9
0x9f87c6c30f4b23c7b51aa7465a9e0a836514700d,18
0x372d9d1212767c94bfd78140bdeb0be093b474bf,6
0x917c11c79fc9d1421483e87fba4105d01f039793,9
0x8f47416cae600bccf9530e9f3aeaa06bdd1caa79,18
0xb54f16fb19478766a268f172c9480f8da1a7c9c3,9
0xfaa539B83CEE9F94A304Fa8389D410647Aafc36B,18
0xf5760bbbC3565f6A513a9c20300a335A1250C57e,18
0xd17584633bc8d190e5a14502976dad9640456d6d,9
0xaf1843657f00f8c048139b7103784fdefc403702,9
0xae9d2385ff2e2951dd4fa061e74c4d3dedd24347,8
0xaB2712b217F0015B602C06E4fb66B8cf8B04F894,9
0x542fa0b261503333b90fe60c78f2beed16b7b7fd,9
0x564a341df6c126f90cf3ecb92120fd7190acb401,6
0x4fbf0429599460d327bd5f55625e30e4fc066095,18
0x21c5402c3b7d40c89cc472c9df5dd7e51bbab1b1,18
0xf693248f96fe03422fea95ac0afbbbc4a8fdd172,18
0x8ebaf22b6f053dffeaf46f4dd9efa95d89ba8580,18
0xa7d7079b0fead91f3e65f86e8915cb59c1a4c664,6
0xc7198437980c041c805A1EDcbA50c1Ce5db95118,6
0xe0474c15bc7f8213ee5bfb42f9e68b2d6be2e136,9
0x3709e8615e02c15b096f8a9b460ccb8ca8194e86,18
0x8b72c126fd152b8481c61559da030c5892394ca9,9
0xf1b0f6df4fc3710b3497c34b0ee366099054add8,18
0x02fe8adc1b58a63ccb1bb8c39930dcedd7cef4db,18
0x846d50248baf8b7ceaa9d9b53bfd12d7d7fbb25a,18
0xcd024f038b6e79968f9aba4bee3e27cb3c9e1e91,18
0x9e037de681cafa6e661e6108ed9c2bd1aa567ecd,18
0xb31f66aa3c1e785363f0875a1b74e27b85fd66c7,18
0x408d4cd0adb7cebd1f1a1c33a0ba2098e1295bab,8
0x50b7545627a5162f82a992c33b87adc75187b218,8
0xb1466d4cf0dcfc0bcddcf3500f473cdacb88b56d,18
0x49D5c2BdFfac6CE2BFdB6640F4F80f226bc10bAB,18
0x1a51686fb42861aa7e38c1cf8868877f43f82aa4,18
0x0ddb4a7d0c86c41815ba8880c766376ea57ec2a8,18
0xb86688eb60be8c6fc09afcc32a9cf4b0b6decffd,18
0x0da67235dd5787d67955420c84ca1cecd4e5bb3b,18
0x020ef96c76a225fc0151c191b2a15accc915b68c,18
0xa384bc7cdc0a93e686da9e7b8c0807cd040f4e0b,18
0x8cd309e14575203535ef120b5b0ab4dded0c2073,18
0x954c3140fef98d725ec988d1d75e686c595d62fd,18
0xd1c3f94de7e5b45fa4edbba472491a9f4b166fc4,18
0x70b4ae8eb7bd572fc0eb244cd8021066b3ce7ee4,18
0xc84e67dd01b23706d3796cc0ddf7985c32b0e434,9
0x4c1057455747e3ee5871d374fdd77a304ce10989,18
0x7fb049b65875155e1f7a335dc8a9f47516dce745,18
0x1AdB3ebE3aE7aA4d16b56A8133A14fc3a6ab28A1,18
0xe6ee049183b474ecf7704da3f6f555a1dcaf240f,18
0x3509f19581afedeff07c53592bc0ca84e4855475,18
0x59414b3089ce2af0010e7523dea7e2b35d776ec7,18
0x01c2086facfd7aa38f69a6bd8c91bef3bb5adfca,18
0x9eaac1b23d935365bd7b542fe22ceee2922f52dc,18
0x488F73cddDA1DE3664775fFd91623637383D6404,18
0xdd453dbd253fa4e5e745047d93667ce9da93bbcf,18
0xbe6d6323ea233fd1dbe1ff66c5252170c69fb6c7,18
0x9702230a8ea53601f5cd2dc00fdbc13d4df4a8c7,6
0x19860ccb0a68fd4213ab9d8266f7bbf05a8dde98,18
0xd586e7f844cea2f87f50152665bcbc2c279d8d70,18
0x8a0cac13c7da965a312f08ea4229c37869e85cb9,18
0x88128fd4b259552a9a1d457f435a6527aab72d42,18
0xd24c2ad096400b6fbcd2ad8b24e7acbc21a1da64,18
0x1c20e891bab6b1727d14da358fae2984ed9b59eb,18
0xd501281565bf7789224523144fe5d98e8b28f267,18
0x214db107654ff987ad859f34125307783fc8e387,18
0xabc9547b534519ff73921b1fba6e672b5f58d083,18
0x1f1e7c893855525b303f99bdf5c3c05be09ca251,18
0x5fc17416925789e0852fbfcd81c490ca4abc51f9,18
0xbd83010eb60f12112908774998f65761cf9f6f9a,18
0xd6070ae98b8069de6b494332d1a1a81b6179d960,18
0xc7b5d72c836e718cda8888eaf03707faef675079,18
0xfb98b335551a418cd0737375a2ea0ded62ea213b,18
0xdef1fac7bf08f173d286bbbdcbeeade695129840,18
0xafc43610c7840b20b90caaf93759be5b54b291c9,18
0x72699ba15cc734f8db874fa9652c8de12093f187,18
0xf44fb887334fa17d2c5c0f970b5d320ab53ed557,18
0xbee994ad257dcc84672c0c6e6168a4701041f39f,18
0xd2cd7a59aa8f8fdc68d01b1e8a95747730b927d3,18
0xb9defde19ce025114bc87b2b48e69a7600b02f63,18
0xe7d06bb5079340bfd68bc3f5e52b5f65b01d75cd,18
0x83a283641c6b4df383bcddf807193284c84c5342,18
0x57319d41f71e81f3c65f2a47ca4e001ebafd4f33,18
0xc7198437980c041c805a1edcba50c1ce5db95118,6
0xDC42728B0eA910349ed3c6e1c9Dc06b5FB591f98,18
0xD67de0e0a0Fd7b15dC8348Bb9BE742F3c5850454,18
0x6e84a6216eA6dACC71eE8E6b0a5B7322EEbC0fDd,18
0xB44a9B6905aF7c801311e8F4E76932ee959c663C,18
0x9E037dE681CaFA6E661e6108eD9c2bd1AA567Ecd,18
0xc7B5D72C836e718cDA8888eaf03707fAef675079,18
0x969A3f4481583843dB706332E344412235c0892a,18
0xd6070ae98b8069de6B494332d1A1a81B6179D960,18
0x8729438EB15e2C8B576fCc6AeCdA6A148776C0F5,18
0xA32608e873F9DdEF944B24798db69d80Bbb4d1ed,18
0x0ebd9537A25f56713E34c45b38F421A1e7191469,18
0xb27c8941a7Df8958A1778c0259f76D1F8B711C35,18
0xA384Bc7Cdc0A93e686da9E7B8C0807cD040F4E0b,18
0x6e7f5C0b9f4432716bDd0a77a3601291b9D9e985,9
0x440aBbf18c54b2782A4917b80a1746d3A2c2Cce1,18
0x846D50248BAf8b7ceAA9d9B53BFd12d7D7FBB25a,18
0xC38f41A296A4493Ff429F1238e030924A1542e50,18
0x1fE4751d9bDabaC8D90067056cB45AB6823d2C12,18
0xa2776a53da0bf664ea34b8efa1c8ab4241a10968,18
0xa1144a6A1304bd9cbb16c800F7a867508726566E,18
0x6AFD5A1ea4b793CC1526d6Dc7e99A608b356eF7b,18
0x81440C939f2C1E34fc7048E518a637205A632a74,18
0x008e26068b3eb40b443d3ea88c1ff99b789c10f7,18
0x45C13620B55C35A5f539d26E88247011Eb10fDbd,18
0x094bd7B2D99711A1486FB94d4395801C6d0fdDcC,18
0x3709E8615E02C15B096f8a9B460ccb8cA8194e86,18
0xF44Fb887334Fa17d2c5c0F970B5D320ab53eD557,18
0x4501e37a79cf953116331a105B3644d07b74C0F8,9
0x3ACa5545e76746A3Fe13eA66B24BC0eBcC51E6b4,18
0x8B1d98A91F853218ddbb066F20b8c63E782e2430,18
0x28bF9CB0a8c0a6Fb01680dAAae9D6aE76234491b,18
0xb2a85C5ECea99187A977aC34303b80AcbDdFa208,18
0xCC2f1d827b18321254223dF4e84dE399D9Ff116c,18
0x685b63CFE0179b3EFb70A01dCb1D648549AA192d,18
0x8D88e48465F30Acfb8daC0b3E35c9D6D7d36abaf,18
0x37427C72f3534d854EE462d18f42aD5fbE74AA2B,18
0x9eF758aC000a354479e538B8b2f01b917b8e89e7,18
0x617724974218A18769020A70162165A539c07E8a,18
0x542fA0B261503333B90fE60c78F2BeeD16b7b7fD,9
0xe896CDeaAC9615145c0cA09C8Cd5C25bced6384c,18
0x4C9B4E1AC6F24CdE3660D5E4Ef1eBF77C710C084,18
0x78ea17559B3D2CF85a7F9C2C704eda119Db5E6dE,18
0x7Bf4cA9aEC25aDAAf7278EEDbe959d81893e314F,18
0xa5E59761eBD4436fa4d20E1A27cBa29FB2471Fc6,18
0xB669c71431bc4372140bC35Aa1962C4B980bA507,18
0x59414b3089ce2AF0010e7523Dea7E2b35d776ec7,18
0xb8EF3a190b68175000B74B4160d325FD5024760e,9
0x21c5402C3B7d40C89Cc472C9dF5dD7E51BbAb1b1,18
0x7C08413cbf02202a1c13643dB173f2694e0F73f0,9
0x5684a087C739A2e845F4AaAaBf4FBd261edc2bE8,9
0x65378b697853568dA9ff8EaB60C13E1Ee9f4a654,18
0x2D5433E9D475C78542dbd0d16d7016b9AaB99c1c,9
0xb54f16fB19478766A268F172C9480f8da1a7c9C3,9
0xed46443C18E38064523180Fc364C6180b35803d3,9
0xF2CfC11093edB5A2DC7F49e70A3a3a9cd4F4FeE4,18
0x46fCCf447f74ec97a521615fcE111118597071f7,9
0xff579d6259dEDcc80488c9b89d2820bCb5609160,18
0x353af195c0d82820c59427BFbD318A49971AAe1a,9
0x4Eb49A2F9A79053866faE806fAc95A3eF5B92C05,9
0xf891214fdcf9cdaa5fdc42369ee4f27f226adad6,18
0x564A341Df6C126f90cf3ECB92120FD7190ACb401,6
0x3A47868beE0B553183222eeA56E82f83adDCd133,6
0x8Db2dBdFB50480FE79F6576deAA4f6E68DcBfb15,18
0x9e3ca00f2d4a9e5d4f0add0900de5f15050812cf,18
0xE1C110E1B1b4A1deD0cAf3E42BfBdbB7b5d7cE1C,18
0x2923E182A6e68C0fE4006736a33B32f805703683,18
0xf10b5a72f0abeB27A5DdBa950082e4eDFF4c825d,9
0xc12e249FaBe1c5Eb7C558E5F50D187687a244E31,18
0xA72eAb7327e48bdE0FF873eAF1D4FecF6036504F,9
0xE18950c8F3b01f549cFc79dC44C3944FBd43fB76,6
0x320aDa89DbFA3A154613D2731c9BC3a4030DbA19,18
0xce0052745A182fff07aCB9dd834041E5F29319b2,18
0xbca7f1998Dc9FFB70b086543a808960a460aBcA7,18
